"Metric","Train","Test"
"MAE",0.236762479070309,0.281591954756055
"MAPE",0.020683168497617,0.0283698456587323
"RMSE",0.36607196859653,0.436141215456165
"NSC",0.994938944446461,0.990691003201253
